{
  "users": [
    {
      "id": 1,
      "name": "Maria",
      "password": "maria12345",
      "gender": "F",
      "dateOfBirth": "1996-01-01",
      "email": "maria@gmail.com",
      "mobileNumber": 1234567890,
      "pincode": 123456,
      "city": "Bangalore",
      "state": "Karnataka",
      "country": "India"
    },
    {
      "name": "Sera",
      "password": "Sera@123",
      "dateOfBirth": "1997-01-01",
      "gender": "F",
      "mobileNumber": 1234567890,
      "email": "sera@gmail.com",
      "pincode": 123456,
      "city": "Kozhikode",
      "state": "Kerala",
      "country": "India",
      "id": 2
    },
    {
      "name": "Ayush Jain",
      "password": "",
      "gender": "",
      "dateOfBirth": "",
      "mobileNumber": 9584645022,
      "email": "ayjain71@gmail.com",
      "pincode": 474006,
      "city": "gwalior",
      "state": "Madhya Pradesh",
      "country": "India",
      "id": 3
    },
    {
      "name": "aa",
      "password": "",
      "gender": "",
      "dateOfBirth": "",
      "mobileNumber": "",
      "email": "",
      "pincode": "",
      "city": "",
      "state": "",
      "country": "",
      "id": 4
    },
    {
      "name": "Ayush Jain",
      "password": "",
      "gender": "",
      "dateOfBirth": "",
      "mobileNumber": 9584645022,
      "email": "ayjain71@gmail.com",
      "pincode": 474006,
      "city": "gwalior",
      "state": "Madhya Pradesh",
      "country": "India",
      "id": 5
    },
    {
      "name": "Ayush Jain",
      "password": "",
      "gender": "",
      "dateOfBirth": "",
      "mobileNumber": 9584645022,
      "email": "ayjain71@gmail.com",
      "pincode": 474006,
      "city": "gwalior",
      "state": "Madhya Pradesh",
      "country": "India",
      "id": 6
    },
    {
      "name": "sadas",
      "password": "",
      "gender": "",
      "dateOfBirth": "",
      "mobileNumber": "",
      "email": "",
      "pincode": "",
      "city": "",
      "state": "",
      "country": "",
      "id": 7
    }
  ],
  "coaches": [
    {
      "id": 1,
      "name": "Rose",
      "password": "rose12345",
      "gender": "F",
      "dateOfBirth": "1996-01-01",
      "mobileNumber": 1234567890,
      "speciality": "Confidence Issues"
    },
    {
      "name": "Setna",
      "password": "Setna@123",
      "dateOfBirth": "1995-01-01",
      "gender": "F",
      "mobileNumber": 1235678905,
      "speciality": "Depression Issues",
      "id": 2
    },
    {
      "name": "Aman",
      "password": "jhjashjas",
      "mobileNumber": 4454545444,
      "dateOfBirth": "2022-06-28",
      "speciality": "jdjdjdjdjdj",
      "id": 3
    },
    {
      "name": "Devil",
      "password": "ddssdsdsds",
      "mobileNumber": 7787877777,
      "dateOfBirth": "2022-06-27",
      "speciality": "ahhahahahah",
      "id": 4
    },
    {
      "name": "ayshsys",
      "password": "",
      "mobileNumber": "",
      "dateOfBirth": "",
      "gender": "",
      "speciality": "",
      "id": 5
    },
    {
      "name": "jajaja",
      "password": "",
      "mobileNumber": "",
      "dateOfBirth": "",
      "gender": "",
      "speciality": "",
      "id": 6
    },
    {
      "name": "devivivi",
      "password": "",
      "mobileNumber": "",
      "dateOfBirth": "",
      "gender": "",
      "speciality": "",
      "id": 7
    },
    {
      "name": "jjajajj",
      "password": "",
      "mobileNumber": "",
      "dateOfBirth": "",
      "gender": "",
      "speciality": "",
      "id": 8
    }
  ],
  "bookings": [
    {
      "appointmentDate": "2021-08-12",
      "slot": "9 AM to 10 AM",
      "userId": 2,
      "coachId": 2,
      "id": 1
    }
  ]
}